TransactionID,TerminalID,SiteID,TypeID,Type,CardDetails,Form,Network,Type,Value,Type,Code,Country,TXNStatus, , ,SiteID,TXNDate,TXNTime
1515,23456789,298340,,Voucher,5025743884910,Swiped,EE EV,EV,5.00,Voucher,826,GBR,Settled, , ,298340,27/06/2022,6:23:07
1517,23456789,298340,,Voucher,5050553800393,Swiped,3 Top-up Voucher,EV,10.00,Voucher,826,GBR,Settled, , ,298340,27/06/2022,9:56:50
1518,23456789,298340,,Voucher,5050553800393,Swiped,3 Top-up Voucher,EV,10.00,Voucher,826,GBR,Settled, , ,298340,27/06/2022,9:56:50
1519,23456789,298340,,Voucher,5050553800393,Swiped,3 Top-up Voucher,EV,10.00,Voucher,826,GBR,Settled, , ,298340,27/06/2022,9:56:50
1520,23456789,298340,,Voucher,5050553800393,Swiped,3 Top-up Voucher,EV,10.00,Voucher,826,GBR,Settled, , ,298340,27/06/2022,9:56:51
1521,23456789,298340,,Voucher,5050553800393,Swiped,3 Top-up Voucher,EV,10.00,Voucher,826,GBR,Settled, , ,298340,27/06/2022,9:56:51
1522,23456789,298340,,Voucher,5050553800393,Swiped,3 Top-up Voucher,EV,10.00,Voucher,826,GBR,Settled, , ,298340,27/06/2022,9:56:51
1523,23456789,298340,,Voucher,5050553800393,Swiped,3 Top-up Voucher,EV,10.00,Voucher,826,GBR,Settled, , ,298340,27/06/2022,9:56:51
1524,23456789,298340,,Voucher,5050553800393,Swiped,3 Top-up Voucher,EV,10.00,Voucher,826,GBR,Settled, , ,298340,27/06/2022,9:56:51
1525,23456789,298340,,Voucher,5050553800393,Swiped,3 Top-up Voucher,EV,10.00,Voucher,826,GBR,Settled, , ,298340,27/06/2022,9:56:52
1526,23456789,298340,,Voucher,5050553800393,Swiped,3 Top-up Voucher,EV,10.00,Voucher,826,GBR,Settled, , ,298340,27/06/2022,9:56:52
1527,23456789,298340,,Voucher,5050553800393,Swiped,3 Top-up Voucher,EV,10.00,Voucher,826,GBR,Settled, , ,298340,27/06/2022,9:56:52
1528,23456789,298340,,Voucher,5050553800393,Swiped,3 Top-up Voucher,EV,10.00,Voucher,826,GBR,Settled, , ,298340,27/06/2022,9:56:52
1529,23456789,298340,,Voucher,5050553800393,Swiped,3 Top-up Voucher,EV,10.00,Voucher,826,GBR,Settled, , ,298340,27/06/2022,9:56:52
1530,23456789,298340,,Voucher,5050553800393,Swiped,3 Top-up Voucher,EV,10.00,Voucher,826,GBR,Settled, , ,298340,27/06/2022,9:56:53
1531,23456789,298340,,Voucher,5050553800393,Swiped,3 Top-up Voucher,EV,10.00,Voucher,826,GBR,Settled, , ,298340,27/06/2022,9:56:53
1532,23456789,298340,,Voucher,5050553800393,Swiped,3 Top-up Voucher,EV,10.00,Voucher,826,GBR,Settled, , ,298340,27/06/2022,9:56:53
1533,23456789,298340,,Voucher,5050553800393,Swiped,3 Top-up Voucher,EV,10.00,Voucher,826,GBR,Settled, , ,298340,27/06/2022,9:56:53
1534,23456789,298340,,Voucher,5050553800393,Swiped,3 Top-up Voucher,EV,10.00,Voucher,826,GBR,Settled, , ,298340,27/06/2022,9:56:53
1535,23456789,298340,,Voucher,5050553800393,Swiped,3 Top-up Voucher,EV,10.00,Voucher,826,GBR,Settled, , ,298340,27/06/2022,9:56:54
1536,23456789,298340,,Voucher,5050553800393,Swiped,3 Top-up Voucher,EV,10.00,Voucher,826,GBR,Settled, , ,298340,27/06/2022,9:56:57
1537,23456789,298340,,Voucher,5050553800393,Swiped,3 Top-up Voucher,EV,10.00,Voucher,826,GBR,Settled, , ,298340,27/06/2022,9:56:57
1538,23456789,298340,,Voucher,5050553800393,Swiped,3 Top-up Voucher,EV,10.00,Voucher,826,GBR,Settled, , ,298340,27/06/2022,9:56:57
1539,23456789,298340,,Voucher,5050553800393,Swiped,3 Top-up Voucher,EV,10.00,Voucher,826,GBR,Settled, , ,298340,27/06/2022,9:56:58
1540,23456789,298340,,Voucher,5050553800393,Swiped,3 Top-up Voucher,EV,10.00,Voucher,826,GBR,Settled, , ,298340,27/06/2022,9:56:58
1541,23456789,298340,,Voucher,5050553800393,Swiped,3 Top-up Voucher,EV,10.00,Voucher,826,GBR,Settled, , ,298340,27/06/2022,9:57:53
1542,23456789,298340,,Voucher,5050553800393,Swiped,3 Top-up Voucher,EV,10.00,Voucher,826,GBR,Settled, , ,298340,27/06/2022,9:57:57
1543,23456789,298340,,Voucher,5050553800393,Swiped,3 Top-up Voucher,EV,10.00,Voucher,826,GBR,Settled, , ,298340,27/06/2022,9:58:02
1544,01234567,288442,,Voucher,01,Swiped,EE EV,EV,5.00,Voucher,826,GBR,Settled, , ,288442,29/06/2022,0:59:38
1545,01234567,288442,,Voucher,01,Swiped,EE EV,EV,5.00,Voucher,826,GBR,Settled, , ,288442,29/06/2022,1:11:31
1546,01234567,288442,,Voucher,01,Swiped,EE EV,EV,5.00,Voucher,826,GBR,Settled, , ,288442,29/06/2022,1:15:22
1547,01234567,288442,,Voucher,5025743884910,Swiped,EE EV,EV,5.00,Voucher,826,GBR,Settled, , ,288442,29/06/2022,1:17:15
1548,01234567,288442,,Voucher,5025743884910,Swiped,EE EV,EV,5.00,Voucher,826,GBR,Settled, , ,288442,29/06/2022,1:17:15
1549,01234567,288442,,Voucher,5025743884910,Swiped,EE EV,EV,5.00,Voucher,826,GBR,Settled, , ,288442,29/06/2022,1:17:16
1550,01234567,288442,,Voucher,5025743884910,Swiped,EE EV,EV,5.00,Voucher,826,GBR,Settled, , ,288442,29/06/2022,1:17:16
1551,01234567,288442,,Voucher,5025743884910,Swiped,EE EV,EV,5.00,Voucher,826,GBR,Settled, , ,288442,29/06/2022,1:17:17
1552,01234567,288442,,Voucher,5025743884910,Swiped,EE EV,EV,5.00,Voucher,826,GBR,Settled, , ,288442,29/06/2022,1:17:18
1553,01234567,288442,,Voucher,5025743884910,Swiped,EE EV,EV,5.00,Voucher,826,GBR,Settled, , ,288442,29/06/2022,1:17:18
1554,01234567,288442,,Voucher,5025743884910,Swiped,EE EV,EV,5.00,Voucher,826,GBR,Settled, , ,288442,29/06/2022,1:17:19
1555,01234567,288442,,Voucher,5025743884910,Swiped,EE EV,EV,5.00,Voucher,826,GBR,Settled, , ,288442,29/06/2022,1:17:20
1556,01234567,288442,,Voucher,5025743884910,Swiped,EE EV,EV,5.00,Voucher,826,GBR,Settled, , ,288442,29/06/2022,1:17:20
1557,01234567,288442,,Voucher,5025743884910,Swiped,EE EV,EV,5.00,Voucher,826,GBR,Settled, , ,288442,29/06/2022,1:17:27
1558,01234567,288442,,Voucher,5025743884910,Swiped,EE EV,EV,5.00,Voucher,826,GBR,Settled, , ,288442,29/06/2022,1:17:28
1559,01234567,288442,,Voucher,5025743884910,Swiped,EE EV,EV,5.00,Voucher,826,GBR,Settled, , ,288442,29/06/2022,1:17:29
1560,01234567,288442,,Voucher,5025743884910,Swiped,EE EV,EV,5.00,Voucher,826,GBR,Settled, , ,288442,29/06/2022,1:41:47
1561,01234567,288442,,Voucher,5025743884910,Swiped,EE EV,EV,5.00,Voucher,826,GBR,Settled, , ,288442,29/06/2022,1:41:53
1562,01234567,288442,,Voucher,5025743884910,Swiped,EE EV,EV,5.00,Voucher,826,GBR,Settled, , ,288442,29/06/2022,1:41:55
1563,01234567,288442,,Voucher,5025743884910,Swiped,EE EV,EV,5.00,Voucher,826,GBR,Settled, , ,288442,29/06/2022,1:41:56
1564,01234567,288442,,Voucher,5025743884910,Swiped,EE EV,EV,5.00,Voucher,826,GBR,Settled, , ,288442,29/06/2022,1:41:57
1565,01234567,288442,,Voucher,5025743884910,Swiped,EE EV,EV,5.00,Voucher,826,GBR,Settled, , ,288442,29/06/2022,1:41:58
1566,01234567,288442,,Voucher,5025743884910,Swiped,EE EV,EV,5.00,Voucher,826,GBR,Settled, , ,288442,29/06/2022,1:42:00
1567,01234567,288442,,Voucher,5025743884910,Swiped,EE EV,EV,5.00,Voucher,826,GBR,Settled, , ,288442,29/06/2022,1:42:01
1568,01234567,288442,,Voucher,5025743884910,Swiped,EE EV,EV,5.00,Voucher,826,GBR,Settled, , ,288442,29/06/2022,1:42:03
1569,01234567,288442,,Voucher,5025743884910,Swiped,EE EV,EV,5.00,Voucher,826,GBR,Settled, , ,288442,29/06/2022,1:42:04
1570,01234567,288442,,Voucher,5025743884910,Swiped,EE EV,EV,5.00,Voucher,826,GBR,Settled, , ,288442,29/06/2022,1:42:05
1571,01234567,288442,,Voucher,5025743884910,Swiped,EE EV,EV,5.00,Voucher,826,GBR,Settled, , ,288442,29/06/2022,1:42:07
1572,01234567,288442,,Voucher,5050553800393,Swiped,3 Top-up Voucher,EV,10.00,Voucher,826,GBR,Settled, , ,288442,29/06/2022,1:45:31
1573,01234567,288442,,Voucher,5025743884910,Swiped,EE EV,EV,5.00,Voucher,826,GBR,Settled, , ,288442,29/06/2022,1:45:48
1574,01234567,288442,,Voucher,5025743884910,Swiped,EE EV,EV,5.00,Voucher,826,GBR,Settled, , ,288442,29/06/2022,1:45:50
1575,01234567,288442,,Voucher,5025743884910,Swiped,EE EV,EV,5.00,Voucher,826,GBR,Settled, , ,288442,29/06/2022,1:45:54
1576,01234567,288442,,Voucher,5025743884910,Swiped,EE EV,EV,5.00,Voucher,826,GBR,Settled, , ,288442,29/06/2022,1:45:55
1577,01234567,288442,,Voucher,5025743884910,Swiped,EE EV,EV,5.00,Voucher,826,GBR,Settled, , ,288442,29/06/2022,1:45:59
1578,01234567,288442,,Voucher,5025743884910,Swiped,EE EV,EV,5.00,Voucher,826,GBR,Settled, , ,288442,29/06/2022,1:49:07
1579,01234567,288442,,Voucher,5025743884910,Swiped,EE EV,EV,5.00,Voucher,826,GBR,Settled, , ,288442,29/06/2022,1:49:12
1580,01234567,288442,,Voucher,5025743884910,Swiped,EE EV,EV,5.00,Voucher,826,GBR,Settled, , ,288442,29/06/2022,1:49:15
1581,01234567,288442,,Voucher,5025743884910,Swiped,EE EV,EV,5.00,Voucher,826,GBR,Settled, , ,288442,29/06/2022,1:49:19
1582,01234567,288442,,Voucher,5025743884910,Swiped,EE EV,EV,5.00,Voucher,826,GBR,Settled, , ,288442,29/06/2022,1:49:22
1583,01234567,288442,,Voucher,5025743884910,Swiped,EE EV,EV,5.00,Voucher,826,GBR,Settled, , ,288442,29/06/2022,1:54:32
1584,01234567,288442,,Voucher,5025743884910,Swiped,EE EV,EV,5.00,Voucher,826,GBR,Settled, , ,288442,29/06/2022,1:54:35
1585,01234567,288442,,Voucher,5025743884910,Swiped,EE EV,EV,5.00,Voucher,826,GBR,Settled, , ,288442,29/06/2022,1:54:38
1586,01234567,288442,,Voucher,5025743884910,Swiped,EE EV,EV,5.00,Voucher,826,GBR,Settled, , ,288442,29/06/2022,1:54:40
1587,01234567,288442,,Voucher,5025743884910,Swiped,EE EV,EV,5.00,Voucher,826,GBR,Settled, , ,288442,29/06/2022,1:54:42
1588,01234567,288442,,Voucher,5025743884910,Swiped,EE EV,EV,5.00,Voucher,826,GBR,Settled, , ,288442,29/06/2022,1:54:45
1589,01234567,288442,,Voucher,5025743884910,Swiped,EE EV,EV,5.00,Voucher,826,GBR,Settled, , ,288442,29/06/2022,1:54:46
1590,01234567,288442,,Voucher,5025743884910,Swiped,EE EV,EV,5.00,Voucher,826,GBR,Settled, , ,288442,29/06/2022,1:54:48
1591,01234567,288442,,Voucher,5025743884910,Swiped,EE EV,EV,5.00,Voucher,826,GBR,Settled, , ,288442,29/06/2022,1:54:50
1592,01234567,288442,,Voucher,5025743884910,Swiped,EE EV,EV,5.00,Voucher,826,GBR,Settled, , ,288442,29/06/2022,1:54:52
1593,01234567,288442,,Voucher,5025743884910,Swiped,EE EV,EV,5.00,Voucher,826,GBR,Settled, , ,288442,29/06/2022,1:54:53
1594,01234567,288442,,Voucher,5025743884910,Swiped,EE EV,EV,5.00,Voucher,826,GBR,Settled, , ,288442,29/06/2022,2:12:24
1595,01234567,288442,,Voucher,5025743884910,Swiped,EE EV,EV,5.00,Voucher,826,GBR,Settled, , ,288442,29/06/2022,2:12:27
1596,01234567,288442,,Voucher,5025743884910,Swiped,EE EV,EV,5.00,Voucher,826,GBR,Settled, , ,288442,29/06/2022,2:12:29
1597,01234567,288442,,Voucher,5025743884910,Swiped,EE EV,EV,5.00,Voucher,826,GBR,Settled, , ,288442,29/06/2022,2:12:31
1598,01234567,288442,,Voucher,5025743884910,Swiped,EE EV,EV,5.00,Voucher,826,GBR,Settled, , ,288442,29/06/2022,2:12:33
1599,01234567,288442,,Voucher,5025743884910,Swiped,EE EV,EV,5.00,Voucher,826,GBR,Settled, , ,288442,29/06/2022,2:12:34
1600,01234567,288442,,Voucher,5025743884910,Swiped,EE EV,EV,5.00,Voucher,826,GBR,Settled, , ,288442,29/06/2022,2:12:36
1601,01234567,288442,,Voucher,5025743884910,Swiped,EE EV,EV,5.00,Voucher,826,GBR,Settled, , ,288442,29/06/2022,2:12:39
1602,01234567,288442,,Voucher,5025743884910,Swiped,EE EV,EV,5.00,Voucher,826,GBR,Settled, , ,288442,29/06/2022,2:12:40
1603,01234567,288442,,Voucher,5025743884910,Swiped,EE EV,EV,5.00,Voucher,826,GBR,Settled, , ,288442,29/06/2022,2:12:42
1604,01234567,288442,,Voucher,5025743884910,Swiped,EE EV,EV,5.00,Voucher,826,GBR,Settled, , ,288442,29/06/2022,2:12:44
1605,01234567,288442,,Voucher,5025743884910,Swiped,EE EV,EV,5.00,Voucher,826,GBR,Settled, , ,288442,29/06/2022,2:17:05
1606,01234567,288442,,Voucher,5025743884910,Swiped,EE EV,EV,5.00,Voucher,826,GBR,Settled, , ,288442,29/06/2022,2:17:07
1607,01234567,288442,,Voucher,5025743884910,Swiped,EE EV,EV,5.00,Voucher,826,GBR,Settled, , ,288442,29/06/2022,2:17:08
1608,01234567,288442,,Voucher,5025743884910,Swiped,EE EV,EV,5.00,Voucher,826,GBR,Settled, , ,288442,29/06/2022,2:17:10
1609,01234567,288442,,Voucher,5025743884910,Swiped,EE EV,EV,5.00,Voucher,826,GBR,Settled, , ,288442,29/06/2022,2:17:11
1610,01234567,288442,,Voucher,5025743884910,Swiped,EE EV,EV,5.00,Voucher,826,GBR,Settled, , ,288442,29/06/2022,2:17:12
1611,01234567,288442,,Voucher,5025743884910,Swiped,EE EV,EV,5.00,Voucher,826,GBR,Settled, , ,288442,29/06/2022,2:17:13
1612,01234567,288442,,Voucher,5025743884910,Swiped,EE EV,EV,5.00,Voucher,826,GBR,Settled, , ,288442,29/06/2022,2:17:14
1613,01234567,288442,,Voucher,5025743884910,Swiped,EE EV,EV,5.00,Voucher,826,GBR,Settled, , ,288442,29/06/2022,2:17:15
1614,01234567,288442,,Voucher,5025743884910,Swiped,EE EV,EV,5.00,Voucher,826,GBR,Settled, , ,288442,29/06/2022,2:17:17
1615,01234567,288442,,Voucher,5025743884910,Swiped,EE EV,EV,5.00,Voucher,826,GBR,Settled, , ,288442,29/06/2022,2:17:18
1616,01234567,288442,,Voucher,5025743884910,Swiped,EE EV,EV,5.00,Voucher,826,GBR,Settled, , ,288442,29/06/2022,2:23:06
1617,01234567,288442,,Voucher,5025743884910,Swiped,EE EV,EV,5.00,Voucher,826,GBR,Settled, , ,288442,29/06/2022,2:23:07
1618,01234567,288442,,Voucher,5025743884910,Swiped,EE EV,EV,5.00,Voucher,826,GBR,Settled, , ,288442,29/06/2022,2:23:08
1619,01234567,288442,,Voucher,5025743884910,Swiped,EE EV,EV,5.00,Voucher,826,GBR,Settled, , ,288442,29/06/2022,2:23:09
1620,01234567,288442,,Voucher,5025743884910,Swiped,EE EV,EV,5.00,Voucher,826,GBR,Settled, , ,288442,29/06/2022,2:23:10
1621,01234567,288442,,Voucher,5025743884910,Swiped,EE EV,EV,5.00,Voucher,826,GBR,Settled, , ,288442,29/06/2022,2:23:11
1622,01234567,288442,,Voucher,5025743884910,Swiped,EE EV,EV,5.00,Voucher,826,GBR,Settled, , ,288442,29/06/2022,2:23:13
1623,01234567,288442,,Voucher,5025743884910,Swiped,EE EV,EV,5.00,Voucher,826,GBR,Settled, , ,288442,29/06/2022,2:23:14
1624,01234567,288442,,Voucher,5025743884910,Swiped,EE EV,EV,5.00,Voucher,826,GBR,Settled, , ,288442,29/06/2022,2:23:15
1625,01234567,288442,,Voucher,5025743884910,Swiped,EE EV,EV,5.00,Voucher,826,GBR,Settled, , ,288442,29/06/2022,2:23:16
1626,01234567,288442,,Voucher,5025743884910,Swiped,EE EV,EV,5.00,Voucher,826,GBR,Settled, , ,288442,29/06/2022,2:23:17
1627,01234567,288442,,Voucher,5025743884910,Swiped,EE EV,EV,5.00,Voucher,826,GBR,Settled, , ,288442,29/06/2022,3:50:24
1628,01234567,288442,,Voucher,5025743884910,Swiped,EE EV,EV,5.00,Voucher,826,GBR,Settled, , ,288442,29/06/2022,3:50:26
1629,01234567,288442,,Voucher,5025743884910,Swiped,EE EV,EV,5.00,Voucher,826,GBR,Settled, , ,288442,29/06/2022,3:50:27
1630,01234567,288442,,Voucher,5025743884910,Swiped,EE EV,EV,5.00,Voucher,826,GBR,Settled, , ,288442,29/06/2022,3:50:28
1631,01234567,288442,,Voucher,5025743884910,Swiped,EE EV,EV,5.00,Voucher,826,GBR,Settled, , ,288442,29/06/2022,3:50:30
1632,01234567,288442,,Voucher,5025743884910,Swiped,EE EV,EV,5.00,Voucher,826,GBR,Settled, , ,288442,29/06/2022,3:50:31
1633,01234567,288442,,Voucher,5025743884910,Swiped,EE EV,EV,5.00,Voucher,826,GBR,Settled, , ,288442,29/06/2022,3:50:32
1634,01234567,288442,,Voucher,5025743884910,Swiped,EE EV,EV,5.00,Voucher,826,GBR,Settled, , ,288442,29/06/2022,3:50:34
1635,01234567,288442,,Voucher,5025743884910,Swiped,EE EV,EV,5.00,Voucher,826,GBR,Settled, , ,288442,29/06/2022,3:50:35
1636,01234567,288442,,Voucher,5025743884910,Swiped,EE EV,EV,5.00,Voucher,826,GBR,Settled, , ,288442,29/06/2022,3:50:37
1637,01234567,288442,,Voucher,5025743884910,Swiped,EE EV,EV,5.00,Voucher,826,GBR,Settled, , ,288442,29/06/2022,3:50:38
1638,01234567,288442,,Voucher,5025743884910,Swiped,EE EV,EV,5.00,Voucher,826,GBR,Settled, , ,288442,29/06/2022,3:53:23
1639,01234567,288442,,Voucher,5025743884910,Swiped,EE EV,EV,5.00,Voucher,826,GBR,Settled, , ,288442,29/06/2022,3:53:24
1640,01234567,288442,,Voucher,5025743884910,Swiped,EE EV,EV,5.00,Voucher,826,GBR,Settled, , ,288442,29/06/2022,3:53:25
1641,01234567,288442,,Voucher,5025743884910,Swiped,EE EV,EV,5.00,Voucher,826,GBR,Settled, , ,288442,29/06/2022,3:53:26
1642,01234567,288442,,Voucher,5025743884910,Swiped,EE EV,EV,5.00,Voucher,826,GBR,Settled, , ,288442,29/06/2022,3:53:27
1643,01234567,288442,,Voucher,5025743884910,Swiped,EE EV,EV,5.00,Voucher,826,GBR,Settled, , ,288442,29/06/2022,3:53:29
1644,01234567,288442,,Voucher,5025743884910,Swiped,EE EV,EV,5.00,Voucher,826,GBR,Settled, , ,288442,29/06/2022,3:53:30
1645,01234567,288442,,Voucher,5025743884910,Swiped,EE EV,EV,5.00,Voucher,826,GBR,Settled, , ,288442,29/06/2022,3:53:31
1646,01234567,288442,,Voucher,5025743884910,Swiped,EE EV,EV,5.00,Voucher,826,GBR,Settled, , ,288442,29/06/2022,3:53:32
1647,01234567,288442,,Voucher,5025743884910,Swiped,EE EV,EV,5.00,Voucher,826,GBR,Settled, , ,288442,29/06/2022,3:53:33
1648,01234567,288442,,Voucher,5025743884910,Swiped,EE EV,EV,5.00,Voucher,826,GBR,Settled, , ,288442,29/06/2022,3:53:34
1649,01234567,288442,,Voucher,5025743884910,Swiped,EE EV,EV,5.00,Voucher,826,GBR,Settled, , ,288442,29/06/2022,3:55:49
1650,01234567,288442,,Voucher,5025743884910,Swiped,EE EV,EV,5.00,Voucher,826,GBR,Settled, , ,288442,29/06/2022,3:55:51
1651,01234567,288442,,Voucher,5025743884910,Swiped,EE EV,EV,5.00,Voucher,826,GBR,Settled, , ,288442,29/06/2022,3:57:37
1652,01234567,288442,,Voucher,5025743884910,Swiped,EE EV,EV,5.00,Voucher,826,GBR,Settled, , ,288442,29/06/2022,3:57:38
1653,23456789,298340,,Voucher,5050553800393,Swiped,3 Top-up Voucher,EV,10.00,Voucher,826,GBR,Settled, , ,298340,29/06/2022,5:58:24
1654,23456789,298340,,Voucher,5050553800393,Swiped,3 Top-up Voucher,EV,10.00,Voucher,826,GBR,Settled, , ,298340,29/06/2022,5:58:27
1655,23456789,298340,,Voucher,5050553800393,Swiped,3 Top-up Voucher,EV,10.00,Voucher,826,GBR,Settled, , ,298340,29/06/2022,5:58:29
1656,23456789,298340,,Voucher,5050553800393,Swiped,3 Top-up Voucher,EV,10.00,Voucher,826,GBR,Settled, , ,298340,29/06/2022,5:58:31
1657,23456789,298340,,Voucher,5050553800393,Swiped,3 Top-up Voucher,EV,10.00,Voucher,826,GBR,Settled, , ,298340,29/06/2022,5:58:33
1658,23456789,298340,,Voucher,5050553800393,Swiped,3 Top-up Voucher,EV,10.00,Voucher,826,GBR,Settled, , ,298340,29/06/2022,5:58:35
1659,23456789,298340,,Voucher,5050553800393,Swiped,3 Top-up Voucher,EV,10.00,Voucher,826,GBR,Settled, , ,298340,29/06/2022,5:58:37
1660,23456789,298340,,Voucher,5050553800393,Swiped,3 Top-up Voucher,EV,10.00,Voucher,826,GBR,Settled, , ,298340,29/06/2022,5:58:40
1661,23456789,298340,,Voucher,5050553800393,Swiped,3 Top-up Voucher,EV,10.00,Voucher,826,GBR,Settled, , ,298340,29/06/2022,5:58:42
1662,23456789,298340,,Voucher,5050553800393,Swiped,3 Top-up Voucher,EV,10.00,Voucher,826,GBR,Settled, , ,298340,29/06/2022,5:58:44
1663,23456789,298340,,Voucher,5050553800393,Swiped,3 Top-up Voucher,EV,10.00,Voucher,826,GBR,Settled, , ,298340,29/06/2022,5:58:46
1664,23456789,298340,,Voucher,5050553800393,Swiped,3 Top-up Voucher,EV,10.00,Voucher,826,GBR,Settled, , ,298340,29/06/2022,5:58:48
1665,23456789,298340,,Voucher,5050553800393,Swiped,3 Top-up Voucher,EV,10.00,Voucher,826,GBR,Settled, , ,298340,29/06/2022,5:58:50
1666,23456789,298340,,Voucher,5050553800393,Swiped,3 Top-up Voucher,EV,10.00,Voucher,826,GBR,Settled, , ,298340,29/06/2022,5:58:53
1667,23456789,298340,,Voucher,5050553800393,Swiped,3 Top-up Voucher,EV,10.00,Voucher,826,GBR,Settled, , ,298340,29/06/2022,5:58:55
1668,23456789,298340,,Voucher,5050553800393,Swiped,3 Top-up Voucher,EV,10.00,Voucher,826,GBR,Settled, , ,298340,29/06/2022,5:58:57
1669,23456789,298340,,Voucher,5050553800393,Swiped,3 Top-up Voucher,EV,10.00,Voucher,826,GBR,Settled, , ,298340,29/06/2022,5:58:59
1670,23456789,298340,,Voucher,5050553800393,Swiped,3 Top-up Voucher,EV,10.00,Voucher,826,GBR,Settled, , ,298340,29/06/2022,5:59:01
1671,23456789,298340,,Voucher,5050553800393,Swiped,3 Top-up Voucher,EV,10.00,Voucher,826,GBR,Settled, , ,298340,29/06/2022,5:59:03
1672,23456789,298340,,Voucher,5050553800393,Swiped,3 Top-up Voucher,EV,10.00,Voucher,826,GBR,Settled, , ,298340,29/06/2022,5:59:06
1673,23456789,298340,,Voucher,5050553800393,Swiped,3 Top-up Voucher,EV,10.00,Voucher,826,GBR,Settled, , ,298340,29/06/2022,5:59:08
1674,23456789,298340,,Voucher,5050553800393,Swiped,3 Top-up Voucher,EV,10.00,Voucher,826,GBR,Settled, , ,298340,29/06/2022,5:59:10
1675,23456789,298340,,Voucher,5050553800393,Swiped,3 Top-up Voucher,EV,10.00,Voucher,826,GBR,Settled, , ,298340,29/06/2022,5:59:12
1676,23456789,298340,,Voucher,5050553800393,Swiped,3 Top-up Voucher,EV,10.00,Voucher,826,GBR,Settled, , ,298340,29/06/2022,5:59:14
1677,23456789,298340,,Voucher,5050553800393,Swiped,3 Top-up Voucher,EV,10.00,Voucher,826,GBR,Settled, , ,298340,29/06/2022,5:59:16
1678,23456789,298340,,Voucher,5050553800393,Swiped,3 Top-up Voucher,EV,10.00,Voucher,826,GBR,Settled, , ,298340,29/06/2022,5:59:18
1679,23456789,298340,,Voucher,5050553800393,Swiped,3 Top-up Voucher,EV,10.00,Voucher,826,GBR,Settled, , ,298340,29/06/2022,5:59:21
1680,23456789,298340,,Voucher,5050553800393,Swiped,3 Top-up Voucher,EV,10.00,Voucher,826,GBR,Settled, , ,298340,29/06/2022,5:59:23
1681,23456789,298340,,Voucher,5050553800393,Swiped,3 Top-up Voucher,EV,10.00,Voucher,826,GBR,Settled, , ,298340,29/06/2022,5:59:25
1682,23456789,298340,,Voucher,5050553800393,Swiped,3 Top-up Voucher,EV,10.00,Voucher,826,GBR,Settled, , ,298340,29/06/2022,5:59:27
1683,23456789,298340,,Voucher,5050553800393,Swiped,3 Top-up Voucher,EV,10.00,Voucher,826,GBR,Settled, , ,298340,29/06/2022,5:59:29
1684,23456789,298340,,Voucher,5050553800393,Swiped,3 Top-up Voucher,EV,10.00,Voucher,826,GBR,Settled, , ,298340,29/06/2022,5:59:31
1685,23456789,298340,,Voucher,5050553800393,Swiped,3 Top-up Voucher,EV,10.00,Voucher,826,GBR,Settled, , ,298340,29/06/2022,5:59:33
1686,23456789,298340,,Voucher,5050553800393,Swiped,3 Top-up Voucher,EV,10.00,Voucher,826,GBR,Settled, , ,298340,29/06/2022,5:59:35
1687,23456789,298340,,Voucher,5050553800393,Swiped,3 Top-up Voucher,EV,10.00,Voucher,826,GBR,Settled, , ,298340,29/06/2022,5:59:38
1688,23456789,298340,,Voucher,5050553800393,Swiped,3 Top-up Voucher,EV,10.00,Voucher,826,GBR,Settled, , ,298340,29/06/2022,5:59:40
1689,23456789,298340,,Voucher,5050553800393,Swiped,3 Top-up Voucher,EV,10.00,Voucher,826,GBR,Settled, , ,298340,29/06/2022,5:59:42
1690,23456789,298340,,Voucher,5050553800393,Swiped,3 Top-up Voucher,EV,10.00,Voucher,826,GBR,Settled, , ,298340,29/06/2022,5:59:44
1691,23456789,298340,,Voucher,5050553800393,Swiped,3 Top-up Voucher,EV,10.00,Voucher,826,GBR,Settled, , ,298340,29/06/2022,5:59:46
1692,23456789,298340,,Voucher,5050553800393,Swiped,3 Top-up Voucher,EV,10.00,Voucher,826,GBR,Settled, , ,298340,29/06/2022,5:59:48
1693,23456789,298340,,Voucher,5050553800393,Swiped,3 Top-up Voucher,EV,10.00,Voucher,826,GBR,Settled, , ,298340,29/06/2022,5:59:50
1694,23456789,298340,,Voucher,5050553800393,Swiped,3 Top-up Voucher,EV,10.00,Voucher,826,GBR,Settled, , ,298340,29/06/2022,5:59:53
1695,23456789,298340,,Voucher,5050553800393,Swiped,3 Top-up Voucher,EV,10.00,Voucher,826,GBR,Settled, , ,298340,29/06/2022,5:59:55
1696,23456789,298340,,Voucher,5050553800393,Swiped,3 Top-up Voucher,EV,10.00,Voucher,826,GBR,Settled, , ,298340,29/06/2022,5:59:57
1697,23456789,298340,,Voucher,5050553800393,Swiped,3 Top-up Voucher,EV,10.00,Voucher,826,GBR,Settled, , ,298340,29/06/2022,5:59:59
1698,23456789,298340,,Voucher,5050553800393,Swiped,3 Top-up Voucher,EV,10.00,Voucher,826,GBR,Settled, , ,298340,29/06/2022,6:00:01
1699,23456789,298340,,Voucher,5050553800393,Swiped,3 Top-up Voucher,EV,10.00,Voucher,826,GBR,Settled, , ,298340,29/06/2022,6:00:03
1700,23456789,298340,,Voucher,5050553800393,Swiped,3 Top-up Voucher,EV,10.00,Voucher,826,GBR,Settled, , ,298340,29/06/2022,6:00:06
1701,23456789,298340,,Voucher,5050553800393,Swiped,3 Top-up Voucher,EV,10.00,Voucher,826,GBR,Settled, , ,298340,29/06/2022,6:00:08
1702,23456789,298340,,Voucher,5050553800393,Swiped,3 Top-up Voucher,EV,10.00,Voucher,826,GBR,Settled, , ,298340,29/06/2022,6:00:10
1703,23456789,298340,,Voucher,5050553800393,Swiped,3 Top-up Voucher,EV,10.00,Voucher,826,GBR,Settled, , ,298340,29/06/2022,6:00:13
1704,23456789,298340,,Voucher,5050553800393,Swiped,3 Top-up Voucher,EV,10.00,Voucher,826,GBR,Settled, , ,298340,29/06/2022,6:00:15
1705,23456789,298340,,Voucher,5050553800393,Swiped,3 Top-up Voucher,EV,10.00,Voucher,826,GBR,Settled, , ,298340,29/06/2022,6:00:17
1706,23456789,298340,,Voucher,5050553800393,Swiped,3 Top-up Voucher,EV,10.00,Voucher,826,GBR,Settled, , ,298340,29/06/2022,6:00:19
1707,23456789,298340,,Voucher,5050553800393,Swiped,3 Top-up Voucher,EV,10.00,Voucher,826,GBR,Settled, , ,298340,29/06/2022,6:00:21
1708,23456789,298340,,Voucher,5050553800393,Swiped,3 Top-up Voucher,EV,10.00,Voucher,826,GBR,Settled, , ,298340,29/06/2022,6:00:23
1709,23456789,298340,,Voucher,5050553800393,Swiped,3 Top-up Voucher,EV,10.00,Voucher,826,GBR,Settled, , ,298340,29/06/2022,6:00:26
1710,23456789,298340,,Voucher,5050553800393,Swiped,3 Top-up Voucher,EV,10.00,Voucher,826,GBR,Settled, , ,298340,29/06/2022,6:00:28
1711,23456789,298340,,Voucher,5050553800393,Swiped,3 Top-up Voucher,EV,10.00,Voucher,826,GBR,Settled, , ,298340,29/06/2022,6:00:30
1712,23456789,298340,,Voucher,5050553800393,Swiped,3 Top-up Voucher,EV,10.00,Voucher,826,GBR,Settled, , ,298340,29/06/2022,6:00:32
1713,23456789,298340,,Voucher,5050553800393,Swiped,3 Top-up Voucher,EV,10.00,Voucher,826,GBR,Settled, , ,298340,29/06/2022,6:00:35
1714,23456789,298340,,Voucher,5050553800393,Swiped,3 Top-up Voucher,EV,10.00,Voucher,826,GBR,Settled, , ,298340,29/06/2022,6:00:37
1715,23456789,298340,,Voucher,5050553800393,Swiped,3 Top-up Voucher,EV,10.00,Voucher,826,GBR,Settled, , ,298340,29/06/2022,6:00:39
1716,23456789,298340,,Voucher,5050553800393,Swiped,3 Top-up Voucher,EV,10.00,Voucher,826,GBR,Settled, , ,298340,29/06/2022,6:00:41
1717,23456789,298340,,Voucher,5050553800393,Swiped,3 Top-up Voucher,EV,10.00,Voucher,826,GBR,Settled, , ,298340,29/06/2022,6:00:43
1718,23456789,298340,,Voucher,5050553800393,Swiped,3 Top-up Voucher,EV,10.00,Voucher,826,GBR,Settled, , ,298340,29/06/2022,6:00:45
1719,23456789,298340,,Voucher,5050553800393,Swiped,3 Top-up Voucher,EV,10.00,Voucher,826,GBR,Settled, , ,298340,29/06/2022,6:00:48
1720,23456789,298340,,Voucher,5050553800393,Swiped,3 Top-up Voucher,EV,10.00,Voucher,826,GBR,Settled, , ,298340,29/06/2022,6:00:50
1721,23456789,298340,,Voucher,5050553800393,Swiped,3 Top-up Voucher,EV,10.00,Voucher,826,GBR,Settled, , ,298340,29/06/2022,6:00:52
1722,23456789,298340,,Voucher,5050553800393,Swiped,3 Top-up Voucher,EV,10.00,Voucher,826,GBR,Settled, , ,298340,29/06/2022,6:00:54
1723,23456789,298340,,Voucher,5050553800393,Swiped,3 Top-up Voucher,EV,10.00,Voucher,826,GBR,Settled, , ,298340,29/06/2022,6:00:56
1724,23456789,298340,,Voucher,5050553800393,Swiped,3 Top-up Voucher,EV,10.00,Voucher,826,GBR,Settled, , ,298340,29/06/2022,6:00:58
1725,23456789,298340,,Voucher,5050553800393,Swiped,3 Top-up Voucher,EV,10.00,Voucher,826,GBR,Settled, , ,298340,29/06/2022,6:01:01
1726,23456789,298340,,Voucher,5050553800393,Swiped,3 Top-up Voucher,EV,10.00,Voucher,826,GBR,Settled, , ,298340,29/06/2022,6:01:03
1727,23456789,298340,,Voucher,5050553800393,Swiped,3 Top-up Voucher,EV,10.00,Voucher,826,GBR,Settled, , ,298340,29/06/2022,6:01:05
1728,23456789,298340,,Voucher,5050553800393,Swiped,3 Top-up Voucher,EV,10.00,Voucher,826,GBR,Settled, , ,298340,29/06/2022,6:01:07
1729,23456789,298340,,Voucher,5050553800393,Swiped,3 Top-up Voucher,EV,10.00,Voucher,826,GBR,Settled, , ,298340,29/06/2022,6:01:09
1730,23456789,298340,,Voucher,5050553800393,Swiped,3 Top-up Voucher,EV,10.00,Voucher,826,GBR,Settled, , ,298340,29/06/2022,6:01:11
1731,23456789,298340,,Voucher,5050553800393,Swiped,3 Top-up Voucher,EV,10.00,Voucher,826,GBR,Settled, , ,298340,29/06/2022,6:01:13
1732,23456789,298340,,Voucher,5050553800393,Swiped,3 Top-up Voucher,EV,10.00,Voucher,826,GBR,Settled, , ,298340,29/06/2022,6:01:16
1733,23456789,298340,,Voucher,5050553800393,Swiped,3 Top-up Voucher,EV,10.00,Voucher,826,GBR,Settled, , ,298340,29/06/2022,6:01:18
1734,23456789,298340,,Voucher,5050553800393,Swiped,3 Top-up Voucher,EV,10.00,Voucher,826,GBR,Settled, , ,298340,29/06/2022,6:01:20
1735,23456789,298340,,Voucher,5050553800393,Swiped,3 Top-up Voucher,EV,10.00,Voucher,826,GBR,Settled, , ,298340,29/06/2022,6:01:22
1736,23456789,298340,,Voucher,5050553800393,Swiped,3 Top-up Voucher,EV,10.00,Voucher,826,GBR,Settled, , ,298340,29/06/2022,6:01:24
1737,23456789,298340,,Voucher,5050553800393,Swiped,3 Top-up Voucher,EV,10.00,Voucher,826,GBR,Settled, , ,298340,29/06/2022,6:01:26
1738,23456789,298340,,Voucher,5050553800393,Swiped,3 Top-up Voucher,EV,10.00,Voucher,826,GBR,Settled, , ,298340,29/06/2022,6:01:28
1739,23456789,298340,,Voucher,5050553800393,Swiped,3 Top-up Voucher,EV,10.00,Voucher,826,GBR,Settled, , ,298340,29/06/2022,6:01:31
1740,23456789,298340,,Voucher,5050553800393,Swiped,3 Top-up Voucher,EV,10.00,Voucher,826,GBR,Settled, , ,298340,29/06/2022,6:01:33
1741,23456789,298340,,Voucher,5050553800393,Swiped,3 Top-up Voucher,EV,10.00,Voucher,826,GBR,Settled, , ,298340,29/06/2022,6:01:35
1742,23456789,298340,,Voucher,5050553800393,Swiped,3 Top-up Voucher,EV,10.00,Voucher,826,GBR,Settled, , ,298340,29/06/2022,6:01:37
1743,23456789,298340,,Voucher,5050553800393,Swiped,3 Top-up Voucher,EV,10.00,Voucher,826,GBR,Settled, , ,298340,29/06/2022,6:01:39
1744,23456789,298340,,Voucher,5050553800393,Swiped,3 Top-up Voucher,EV,10.00,Voucher,826,GBR,Settled, , ,298340,29/06/2022,6:01:41
1745,23456789,298340,,Voucher,5050553800393,Swiped,3 Top-up Voucher,EV,10.00,Voucher,826,GBR,Settled, , ,298340,29/06/2022,6:01:44
1746,23456789,298340,,Voucher,5050553800393,Swiped,3 Top-up Voucher,EV,10.00,Voucher,826,GBR,Settled, , ,298340,29/06/2022,6:01:46
1747,23456789,298340,,Voucher,5050553800393,Swiped,3 Top-up Voucher,EV,10.00,Voucher,826,GBR,Settled, , ,298340,29/06/2022,6:01:48
1748,23456789,298340,,Voucher,5050553800393,Swiped,3 Top-up Voucher,EV,10.00,Voucher,826,GBR,Settled, , ,298340,29/06/2022,6:01:50
1749,23456789,298340,,Voucher,5050553800393,Swiped,3 Top-up Voucher,EV,10.00,Voucher,826,GBR,Settled, , ,298340,29/06/2022,6:01:52
1750,23456789,298340,,Voucher,5050553800393,Swiped,3 Top-up Voucher,EV,10.00,Voucher,826,GBR,Settled, , ,298340,29/06/2022,6:01:54
1751,23456789,298340,,Voucher,5050553800393,Swiped,3 Top-up Voucher,EV,10.00,Voucher,826,GBR,Settled, , ,298340,29/06/2022,6:01:56
1752,23456789,298340,,Voucher,5050553800393,Swiped,3 Top-up Voucher,EV,10.00,Voucher,826,GBR,Settled, , ,298340,29/06/2022,6:01:59
1753,23456789,298340,,Voucher,5050553800393,Swiped,3 Top-up Voucher,EV,10.00,Voucher,826,GBR,Settled, , ,298340,29/06/2022,6:02:01
1754,23456789,298340,,Voucher,5050553800393,Swiped,3 Top-up Voucher,EV,10.00,Voucher,826,GBR,Settled, , ,298340,29/06/2022,6:02:03
1755,23456789,298340,,Voucher,5050553800393,Swiped,3 Top-up Voucher,EV,10.00,Voucher,826,GBR,Settled, , ,298340,29/06/2022,6:02:05
1756,23456789,298340,,Voucher,5050553800393,Swiped,3 Top-up Voucher,EV,10.00,Voucher,826,GBR,Settled, , ,298340,29/06/2022,6:02:07
1757,23456789,298340,,Voucher,5050553800393,Swiped,3 Top-up Voucher,EV,10.00,Voucher,826,GBR,Settled, , ,298340,29/06/2022,6:02:09
1758,23456789,298340,,Voucher,5050553800393,Swiped,3 Top-up Voucher,EV,10.00,Voucher,826,GBR,Settled, , ,298340,29/06/2022,6:02:11
1759,23456789,298340,,Voucher,5050553800393,Swiped,3 Top-up Voucher,EV,10.00,Voucher,826,GBR,Settled, , ,298340,29/06/2022,6:02:14
1760,23456789,298340,,Voucher,5050553800393,Swiped,3 Top-up Voucher,EV,10.00,Voucher,826,GBR,Settled, , ,298340,29/06/2022,6:02:16
1761,23456789,298340,,Voucher,5050553800393,Swiped,3 Top-up Voucher,EV,10.00,Voucher,826,GBR,Settled, , ,298340,29/06/2022,6:02:18
1762,23456789,298340,,Voucher,5050553800393,Swiped,3 Top-up Voucher,EV,10.00,Voucher,826,GBR,Settled, , ,298340,29/06/2022,6:02:20
1763,23456789,298340,,Voucher,5050553800393,Swiped,3 Top-up Voucher,EV,10.00,Voucher,826,GBR,Settled, , ,298340,29/06/2022,6:02:22
1764,23456789,298340,,Voucher,5050553800393,Swiped,3 Top-up Voucher,EV,10.00,Voucher,826,GBR,Settled, , ,298340,29/06/2022,6:02:24
1765,23456789,298340,,Voucher,5050553800393,Swiped,3 Top-up Voucher,EV,10.00,Voucher,826,GBR,Settled, , ,298340,29/06/2022,6:02:27
1766,23456789,298340,,Voucher,5050553800393,Swiped,3 Top-up Voucher,EV,10.00,Voucher,826,GBR,Settled, , ,298340,29/06/2022,6:02:29
1767,23456789,298340,,Voucher,5050553800393,Swiped,3 Top-up Voucher,EV,10.00,Voucher,826,GBR,Settled, , ,298340,29/06/2022,6:02:31
1768,23456789,298340,,Voucher,5050553800393,Swiped,3 Top-up Voucher,EV,10.00,Voucher,826,GBR,Settled, , ,298340,29/06/2022,6:02:33
1769,23456789,298340,,Voucher,5050553800393,Swiped,3 Top-up Voucher,EV,10.00,Voucher,826,GBR,Settled, , ,298340,29/06/2022,6:02:35
1770,23456789,298340,,Voucher,5050553800393,Swiped,3 Top-up Voucher,EV,10.00,Voucher,826,GBR,Settled, , ,298340,29/06/2022,6:02:37
1771,23456789,298340,,Voucher,5050553800393,Swiped,3 Top-up Voucher,EV,10.00,Voucher,826,GBR,Settled, , ,298340,29/06/2022,6:02:39
1772,23456789,298340,,Voucher,5050553800393,Swiped,3 Top-up Voucher,EV,10.00,Voucher,826,GBR,Settled, , ,298340,29/06/2022,6:02:42
1773,23456789,298340,,Voucher,5050553800393,Swiped,3 Top-up Voucher,EV,10.00,Voucher,826,GBR,Settled, , ,298340,29/06/2022,6:02:44
1774,23456789,298340,,Voucher,5050553800393,Swiped,3 Top-up Voucher,EV,10.00,Voucher,826,GBR,Settled, , ,298340,29/06/2022,6:02:46
1775,23456789,298340,,Voucher,5050553800393,Swiped,3 Top-up Voucher,EV,10.00,Voucher,826,GBR,Settled, , ,298340,29/06/2022,6:02:48
1776,23456789,298340,,Voucher,5050553800393,Swiped,3 Top-up Voucher,EV,10.00,Voucher,826,GBR,Settled, , ,298340,29/06/2022,6:02:50
1777,23456789,298340,,Voucher,5050553800393,Swiped,3 Top-up Voucher,EV,10.00,Voucher,826,GBR,Settled, , ,298340,29/06/2022,6:02:52
1778,23456789,298340,,Voucher,5050553800393,Swiped,3 Top-up Voucher,EV,10.00,Voucher,826,GBR,Settled, , ,298340,29/06/2022,6:02:55
1779,23456789,298340,,Voucher,5050553800393,Swiped,3 Top-up Voucher,EV,10.00,Voucher,826,GBR,Settled, , ,298340,29/06/2022,6:02:57
1780,23456789,298340,,Voucher,5050553800393,Swiped,3 Top-up Voucher,EV,10.00,Voucher,826,GBR,Settled, , ,298340,29/06/2022,6:02:59
1781,23456789,298340,,Voucher,5050553800393,Swiped,3 Top-up Voucher,EV,10.00,Voucher,826,GBR,Settled, , ,298340,29/06/2022,6:03:01
1782,23456789,298340,,Voucher,5050553800393,Swiped,3 Top-up Voucher,EV,10.00,Voucher,826,GBR,Settled, , ,298340,29/06/2022,6:03:03
1783,23456789,298340,,Voucher,5050553800393,Swiped,3 Top-up Voucher,EV,10.00,Voucher,826,GBR,Settled, , ,298340,29/06/2022,6:03:05
1784,23456789,298340,,Voucher,5050553800393,Swiped,3 Top-up Voucher,EV,10.00,Voucher,826,GBR,Settled, , ,298340,29/06/2022,6:03:07
1785,23456789,298340,,Voucher,5050553800393,Swiped,3 Top-up Voucher,EV,10.00,Voucher,826,GBR,Settled, , ,298340,29/06/2022,6:03:10
1786,23456789,298340,,Voucher,5050553800393,Swiped,3 Top-up Voucher,EV,10.00,Voucher,826,GBR,Settled, , ,298340,29/06/2022,6:03:12
1787,23456789,298340,,Voucher,5050553800393,Swiped,3 Top-up Voucher,EV,10.00,Voucher,826,GBR,Settled, , ,298340,29/06/2022,6:03:14
1788,23456789,298340,,Voucher,5050553800393,Swiped,3 Top-up Voucher,EV,10.00,Voucher,826,GBR,Settled, , ,298340,29/06/2022,6:03:16
1789,23456789,298340,,Voucher,5050553800393,Swiped,3 Top-up Voucher,EV,10.00,Voucher,826,GBR,Settled, , ,298340,29/06/2022,6:03:18
1790,23456789,298340,,Voucher,5050553800393,Swiped,3 Top-up Voucher,EV,10.00,Voucher,826,GBR,Settled, , ,298340,29/06/2022,6:03:20
1791,23456789,298340,,Voucher,5050553800393,Swiped,3 Top-up Voucher,EV,10.00,Voucher,826,GBR,Settled, , ,298340,29/06/2022,6:03:22
1792,23456789,298340,,Voucher,5050553800393,Swiped,3 Top-up Voucher,EV,10.00,Voucher,826,GBR,Settled, , ,298340,29/06/2022,6:03:25
1793,23456789,298340,,Voucher,5050553800393,Swiped,3 Top-up Voucher,EV,10.00,Voucher,826,GBR,Settled, , ,298340,29/06/2022,6:03:27
1794,23456789,298340,,Voucher,5050553800393,Swiped,3 Top-up Voucher,EV,10.00,Voucher,826,GBR,Settled, , ,298340,29/06/2022,6:03:29
1795,23456789,298340,,Voucher,5050553800393,Swiped,3 Top-up Voucher,EV,10.00,Voucher,826,GBR,Settled, , ,298340,29/06/2022,6:03:31
1796,23456789,298340,,Voucher,5050553800393,Swiped,3 Top-up Voucher,EV,10.00,Voucher,826,GBR,Settled, , ,298340,29/06/2022,6:03:33
1797,23456789,298340,,Voucher,5050553800393,Swiped,3 Top-up Voucher,EV,10.00,Voucher,826,GBR,Settled, , ,298340,29/06/2022,6:03:35
1798,23456789,298340,,Voucher,5050553800393,Swiped,3 Top-up Voucher,EV,10.00,Voucher,826,GBR,Settled, , ,298340,29/06/2022,6:03:38
1799,23456789,298340,,Voucher,5050553800393,Swiped,3 Top-up Voucher,EV,10.00,Voucher,826,GBR,Settled, , ,298340,29/06/2022,6:03:40
1800,23456789,298340,,Voucher,5050553800393,Swiped,3 Top-up Voucher,EV,10.00,Voucher,826,GBR,Settled, , ,298340,29/06/2022,6:03:42
1801,23456789,298340,,Voucher,5050553800393,Swiped,3 Top-up Voucher,EV,10.00,Voucher,826,GBR,Settled, , ,298340,29/06/2022,6:03:44
1802,23456789,298340,,Voucher,5050553800393,Swiped,3 Top-up Voucher,EV,10.00,Voucher,826,GBR,Settled, , ,298340,29/06/2022,6:03:46
1803,23456789,298340,,Voucher,5050553800393,Swiped,3 Top-up Voucher,EV,10.00,Voucher,826,GBR,Settled, , ,298340,29/06/2022,6:03:48
1804,23456789,298340,,Voucher,5050553800393,Swiped,3 Top-up Voucher,EV,10.00,Voucher,826,GBR,Settled, , ,298340,29/06/2022,6:03:50
1805,23456789,298340,,Voucher,5050553800393,Swiped,3 Top-up Voucher,EV,10.00,Voucher,826,GBR,Settled, , ,298340,29/06/2022,6:03:53
1806,23456789,298340,,Voucher,5050553800393,Swiped,3 Top-up Voucher,EV,10.00,Voucher,826,GBR,Settled, , ,298340,29/06/2022,6:03:55
1807,23456789,298340,,Voucher,5050553800393,Swiped,3 Top-up Voucher,EV,10.00,Voucher,826,GBR,Settled, , ,298340,29/06/2022,6:03:57
1808,23456789,298340,,Voucher,5050553800393,Swiped,3 Top-up Voucher,EV,10.00,Voucher,826,GBR,Settled, , ,298340,29/06/2022,6:03:59
1809,23456789,298340,,Voucher,5050553800393,Swiped,3 Top-up Voucher,EV,10.00,Voucher,826,GBR,Settled, , ,298340,29/06/2022,6:04:01
1810,23456789,298340,,Voucher,5050553800393,Swiped,3 Top-up Voucher,EV,10.00,Voucher,826,GBR,Settled, , ,298340,29/06/2022,6:04:03
1811,23456789,298340,,Voucher,5050553800393,Swiped,3 Top-up Voucher,EV,10.00,Voucher,826,GBR,Settled, , ,298340,29/06/2022,6:04:05
1812,23456789,298340,,Voucher,5050553800393,Swiped,3 Top-up Voucher,EV,10.00,Voucher,826,GBR,Settled, , ,298340,29/06/2022,6:04:08
1813,23456789,298340,,Voucher,5050553800393,Swiped,3 Top-up Voucher,EV,10.00,Voucher,826,GBR,Settled, , ,298340,29/06/2022,6:04:10
1814,23456789,298340,,Voucher,5050553800393,Swiped,3 Top-up Voucher,EV,10.00,Voucher,826,GBR,Settled, , ,298340,29/06/2022,6:04:12
1815,23456789,298340,,Voucher,5050553800393,Swiped,3 Top-up Voucher,EV,10.00,Voucher,826,GBR,Settled, , ,298340,29/06/2022,6:04:14
1816,23456789,298340,,Voucher,5050553800393,Swiped,3 Top-up Voucher,EV,10.00,Voucher,826,GBR,Settled, , ,298340,29/06/2022,6:04:16
1817,23456789,298340,,Voucher,5050553800393,Swiped,3 Top-up Voucher,EV,10.00,Voucher,826,GBR,Settled, , ,298340,29/06/2022,6:04:18
1818,23456789,298340,,Voucher,5050553800393,Swiped,3 Top-up Voucher,EV,10.00,Voucher,826,GBR,Settled, , ,298340,29/06/2022,6:04:21
1819,23456789,298340,,Voucher,5050553800393,Swiped,3 Top-up Voucher,EV,10.00,Voucher,826,GBR,Settled, , ,298340,29/06/2022,6:04:23
1820,23456789,298340,,Voucher,5050553800393,Swiped,3 Top-up Voucher,EV,10.00,Voucher,826,GBR,Settled, , ,298340,29/06/2022,6:04:25
1821,23456789,298340,,Voucher,5050553800393,Swiped,3 Top-up Voucher,EV,10.00,Voucher,826,GBR,Settled, , ,298340,29/06/2022,6:04:27
1822,23456789,298340,,Voucher,5050553800393,Swiped,3 Top-up Voucher,EV,10.00,Voucher,826,GBR,Settled, , ,298340,29/06/2022,6:04:29
1823,23456789,298340,,Voucher,5050553800393,Swiped,3 Top-up Voucher,EV,10.00,Voucher,826,GBR,Settled, , ,298340,29/06/2022,6:04:31
1824,23456789,298340,,Voucher,5050553800393,Swiped,3 Top-up Voucher,EV,10.00,Voucher,826,GBR,Settled, , ,298340,29/06/2022,6:04:33
1825,23456789,298340,,Voucher,5050553800393,Swiped,3 Top-up Voucher,EV,10.00,Voucher,826,GBR,Settled, , ,298340,29/06/2022,6:04:36
1826,23456789,298340,,Voucher,5050553800393,Swiped,3 Top-up Voucher,EV,10.00,Voucher,826,GBR,Settled, , ,298340,29/06/2022,6:04:38
1827,23456789,298340,,Voucher,5050553800393,Swiped,3 Top-up Voucher,EV,10.00,Voucher,826,GBR,Settled, , ,298340,29/06/2022,6:04:40
1828,23456789,298340,,Voucher,5050553800393,Swiped,3 Top-up Voucher,EV,10.00,Voucher,826,GBR,Settled, , ,298340,29/06/2022,6:04:43
1829,23456789,298340,,Voucher,5050553800393,Swiped,3 Top-up Voucher,EV,10.00,Voucher,826,GBR,Settled, , ,298340,29/06/2022,6:04:45
1830,23456789,298340,,Voucher,5050553800393,Swiped,3 Top-up Voucher,EV,10.00,Voucher,826,GBR,Settled, , ,298340,29/06/2022,6:04:47
1831,23456789,298340,,Voucher,5050553800393,Swiped,3 Top-up Voucher,EV,10.00,Voucher,826,GBR,Settled, , ,298340,29/06/2022,6:04:49
1832,23456789,298340,,Voucher,5050553800393,Swiped,3 Top-up Voucher,EV,10.00,Voucher,826,GBR,Settled, , ,298340,29/06/2022,6:04:51
1833,23456789,298340,,Voucher,5050553800393,Swiped,3 Top-up Voucher,EV,10.00,Voucher,826,GBR,Settled, , ,298340,29/06/2022,6:04:53
1834,23456789,298340,,Voucher,5050553800393,Swiped,3 Top-up Voucher,EV,10.00,Voucher,826,GBR,Settled, , ,298340,29/06/2022,6:04:56
1835,23456789,298340,,Voucher,5050553800393,Swiped,3 Top-up Voucher,EV,10.00,Voucher,826,GBR,Settled, , ,298340,29/06/2022,6:04:58
1836,23456789,298340,,Voucher,5050553800393,Swiped,3 Top-up Voucher,EV,10.00,Voucher,826,GBR,Settled, , ,298340,29/06/2022,6:05:00
1837,23456789,298340,,Voucher,5050553800393,Swiped,3 Top-up Voucher,EV,10.00,Voucher,826,GBR,Settled, , ,298340,29/06/2022,6:05:02
1838,23456789,298340,,Voucher,5050553800393,Swiped,3 Top-up Voucher,EV,10.00,Voucher,826,GBR,Settled, , ,298340,29/06/2022,6:05:04
1839,23456789,298340,,Voucher,5050553800393,Swiped,3 Top-up Voucher,EV,10.00,Voucher,826,GBR,Settled, , ,298340,29/06/2022,6:05:06
1840,23456789,298340,,Voucher,5050553800393,Swiped,3 Top-up Voucher,EV,10.00,Voucher,826,GBR,Settled, , ,298340,29/06/2022,6:05:08
1841,23456789,298340,,Voucher,5050553800393,Swiped,3 Top-up Voucher,EV,10.00,Voucher,826,GBR,Settled, , ,298340,29/06/2022,6:05:11
1842,23456789,298340,,Voucher,5050553800393,Swiped,3 Top-up Voucher,EV,10.00,Voucher,826,GBR,Settled, , ,298340,29/06/2022,6:05:13
1843,23456789,298340,,Voucher,5050553800393,Swiped,3 Top-up Voucher,EV,10.00,Voucher,826,GBR,Settled, , ,298340,29/06/2022,6:05:15
1844,23456789,298340,,Voucher,5050553800393,Swiped,3 Top-up Voucher,EV,10.00,Voucher,826,GBR,Settled, , ,298340,29/06/2022,6:05:17
1845,23456789,298340,,Voucher,5050553800393,Swiped,3 Top-up Voucher,EV,10.00,Voucher,826,GBR,Settled, , ,298340,29/06/2022,6:05:19
1846,23456789,298340,,Voucher,5050553800393,Swiped,3 Top-up Voucher,EV,10.00,Voucher,826,GBR,Settled, , ,298340,29/06/2022,6:05:22
1847,23456789,298340,,Voucher,5050553800393,Swiped,3 Top-up Voucher,EV,10.00,Voucher,826,GBR,Settled, , ,298340,29/06/2022,6:05:24
1848,23456789,298340,,Voucher,5050553800393,Swiped,3 Top-up Voucher,EV,10.00,Voucher,826,GBR,Settled, , ,298340,29/06/2022,6:05:26
1849,23456789,298340,,Voucher,5050553800393,Swiped,3 Top-up Voucher,EV,10.00,Voucher,826,GBR,Settled, , ,298340,29/06/2022,6:05:28
1850,23456789,298340,,Voucher,5050553800393,Swiped,3 Top-up Voucher,EV,10.00,Voucher,826,GBR,Settled, , ,298340,29/06/2022,6:05:30
1851,23456789,298340,,Voucher,5050553800393,Swiped,3 Top-up Voucher,EV,10.00,Voucher,826,GBR,Settled, , ,298340,29/06/2022,6:05:32
1852,23456789,298340,,Voucher,5050553800393,Swiped,3 Top-up Voucher,EV,10.00,Voucher,826,GBR,Settled, , ,298340,29/06/2022,6:05:34
1853,23456789,298340,,Voucher,5050553800393,Swiped,3 Top-up Voucher,EV,10.00,Voucher,826,GBR,Settled, , ,298340,29/06/2022,6:05:37
1854,23456789,298340,,Voucher,5050553800393,Swiped,3 Top-up Voucher,EV,10.00,Voucher,826,GBR,Settled, , ,298340,29/06/2022,6:05:39
1855,23456789,298340,,Voucher,5050553800393,Swiped,3 Top-up Voucher,EV,10.00,Voucher,826,GBR,Settled, , ,298340,29/06/2022,6:05:41
1856,23456789,298340,,Voucher,5050553800393,Swiped,3 Top-up Voucher,EV,10.00,Voucher,826,GBR,Settled, , ,298340,29/06/2022,6:05:43
1857,23456789,298340,,Voucher,5050553800393,Swiped,3 Top-up Voucher,EV,10.00,Voucher,826,GBR,Settled, , ,298340,29/06/2022,6:05:45
1858,23456789,298340,,Voucher,5050553800393,Swiped,3 Top-up Voucher,EV,10.00,Voucher,826,GBR,Settled, , ,298340,29/06/2022,6:05:47
1859,23456789,298340,,Voucher,5050553800393,Swiped,3 Top-up Voucher,EV,10.00,Voucher,826,GBR,Settled, , ,298340,29/06/2022,6:05:50
1860,23456789,298340,,Voucher,5050553800393,Swiped,3 Top-up Voucher,EV,10.00,Voucher,826,GBR,Settled, , ,298340,29/06/2022,6:05:52
1861,23456789,298340,,Voucher,5050553800393,Swiped,3 Top-up Voucher,EV,10.00,Voucher,826,GBR,Settled, , ,298340,29/06/2022,6:05:54
1862,23456789,298340,,Voucher,5050553800393,Swiped,3 Top-up Voucher,EV,10.00,Voucher,826,GBR,Settled, , ,298340,29/06/2022,6:05:56
1863,23456789,298340,,Voucher,5050553800393,Swiped,3 Top-up Voucher,EV,10.00,Voucher,826,GBR,Settled, , ,298340,29/06/2022,6:05:58
1864,23456789,298340,,Voucher,5050553800393,Swiped,3 Top-up Voucher,EV,10.00,Voucher,826,GBR,Settled, , ,298340,29/06/2022,6:06:00
1865,23456789,298340,,Voucher,5050553800393,Swiped,3 Top-up Voucher,EV,10.00,Voucher,826,GBR,Settled, , ,298340,29/06/2022,6:06:02
1866,23456789,298340,,Voucher,5050553800393,Swiped,3 Top-up Voucher,EV,10.00,Voucher,826,GBR,Settled, , ,298340,29/06/2022,6:06:05
1867,23456789,298340,,Voucher,5050553800393,Swiped,3 Top-up Voucher,EV,10.00,Voucher,826,GBR,Settled, , ,298340,29/06/2022,6:06:07
1868,23456789,298340,,Voucher,5050553800393,Swiped,3 Top-up Voucher,EV,10.00,Voucher,826,GBR,Settled, , ,298340,29/06/2022,6:06:09
1869,23456789,298340,,Voucher,5050553800393,Swiped,3 Top-up Voucher,EV,10.00,Voucher,826,GBR,Settled, , ,298340,29/06/2022,6:06:11
1870,23456789,298340,,Voucher,5050553800393,Swiped,3 Top-up Voucher,EV,10.00,Voucher,826,GBR,Settled, , ,298340,29/06/2022,6:06:13
1871,23456789,298340,,Voucher,5050553800393,Swiped,3 Top-up Voucher,EV,10.00,Voucher,826,GBR,Settled, , ,298340,29/06/2022,6:06:15
1872,23456789,298340,,Voucher,5050553800393,Swiped,3 Top-up Voucher,EV,10.00,Voucher,826,GBR,Settled, , ,298340,29/06/2022,6:06:18
1873,23456789,298340,,Voucher,5050553800393,Swiped,3 Top-up Voucher,EV,10.00,Voucher,826,GBR,Settled, , ,298340,29/06/2022,6:06:20
1874,23456789,298340,,Voucher,5050553800393,Swiped,3 Top-up Voucher,EV,10.00,Voucher,826,GBR,Settled, , ,298340,29/06/2022,6:06:22
1875,23456789,298340,,Voucher,5050553800393,Swiped,3 Top-up Voucher,EV,10.00,Voucher,826,GBR,Settled, , ,298340,29/06/2022,6:06:24
1876,23456789,298340,,Voucher,5050553800393,Swiped,3 Top-up Voucher,EV,10.00,Voucher,826,GBR,Settled, , ,298340,29/06/2022,6:06:26
1877,23456789,298340,,Voucher,5050553800393,Swiped,3 Top-up Voucher,EV,10.00,Voucher,826,GBR,Settled, , ,298340,29/06/2022,6:06:28
1878,23456789,298340,,Voucher,5050553800393,Swiped,3 Top-up Voucher,EV,10.00,Voucher,826,GBR,Settled, , ,298340,29/06/2022,6:06:31
1879,23456789,298340,,Voucher,5050553800393,Swiped,3 Top-up Voucher,EV,10.00,Voucher,826,GBR,Settled, , ,298340,29/06/2022,6:06:33
1880,23456789,298340,,Voucher,5050553800393,Swiped,3 Top-up Voucher,EV,10.00,Voucher,826,GBR,Settled, , ,298340,29/06/2022,6:06:35
1881,23456789,298340,,Voucher,5050553800393,Swiped,3 Top-up Voucher,EV,10.00,Voucher,826,GBR,Settled, , ,298340,29/06/2022,6:06:37
1882,23456789,298340,,Voucher,5050553800393,Swiped,3 Top-up Voucher,EV,10.00,Voucher,826,GBR,Settled, , ,298340,29/06/2022,6:06:39
1883,23456789,298340,,Voucher,5050553800393,Swiped,3 Top-up Voucher,EV,10.00,Voucher,826,GBR,Settled, , ,298340,29/06/2022,6:06:41
1884,23456789,298340,,Voucher,5050553800393,Swiped,3 Top-up Voucher,EV,10.00,Voucher,826,GBR,Settled, , ,298340,29/06/2022,6:06:43
1885,23456789,298340,,Voucher,5050553800393,Swiped,3 Top-up Voucher,EV,10.00,Voucher,826,GBR,Settled, , ,298340,29/06/2022,6:06:46
1886,23456789,298340,,Voucher,5050553800393,Swiped,3 Top-up Voucher,EV,10.00,Voucher,826,GBR,Settled, , ,298340,29/06/2022,6:06:48
1887,23456789,298340,,Voucher,5050553800393,Swiped,3 Top-up Voucher,EV,10.00,Voucher,826,GBR,Settled, , ,298340,29/06/2022,6:06:50
1888,23456789,298340,,Voucher,5050553800393,Swiped,3 Top-up Voucher,EV,10.00,Voucher,826,GBR,Settled, , ,298340,29/06/2022,6:06:52
1889,23456789,298340,,Voucher,5050553800393,Swiped,3 Top-up Voucher,EV,10.00,Voucher,826,GBR,Settled, , ,298340,29/06/2022,6:06:54
1890,23456789,298340,,Voucher,5050553800393,Swiped,3 Top-up Voucher,EV,10.00,Voucher,826,GBR,Settled, , ,298340,29/06/2022,6:06:57
1891,23456789,298340,,Voucher,5050553800393,Swiped,3 Top-up Voucher,EV,10.00,Voucher,826,GBR,Settled, , ,298340,29/06/2022,6:06:59
1892,23456789,298340,,Voucher,5050553800393,Swiped,3 Top-up Voucher,EV,10.00,Voucher,826,GBR,Settled, , ,298340,29/06/2022,6:07:01
1893,23456789,298340,,Voucher,5050553800393,Swiped,3 Top-up Voucher,EV,10.00,Voucher,826,GBR,Settled, , ,298340,29/06/2022,6:07:03
1894,23456789,298340,,Voucher,5050553800393,Swiped,3 Top-up Voucher,EV,10.00,Voucher,826,GBR,Settled, , ,298340,29/06/2022,6:07:05
1895,23456789,298340,,Voucher,5050553800393,Swiped,3 Top-up Voucher,EV,10.00,Voucher,826,GBR,Settled, , ,298340,29/06/2022,6:07:07
1896,23456789,298340,,Voucher,5050553800393,Swiped,3 Top-up Voucher,EV,10.00,Voucher,826,GBR,Settled, , ,298340,29/06/2022,6:07:10
1897,23456789,298340,,Voucher,5050553800393,Swiped,3 Top-up Voucher,EV,10.00,Voucher,826,GBR,Settled, , ,298340,29/06/2022,6:07:12
1898,23456789,298340,,Voucher,5050553800393,Swiped,3 Top-up Voucher,EV,10.00,Voucher,826,GBR,Settled, , ,298340,29/06/2022,6:07:14
1899,23456789,298340,,Voucher,5050553800393,Swiped,3 Top-up Voucher,EV,10.00,Voucher,826,GBR,Settled, , ,298340,29/06/2022,6:07:16
1900,23456789,298340,,Voucher,5050553800393,Swiped,3 Top-up Voucher,EV,10.00,Voucher,826,GBR,Settled, , ,298340,29/06/2022,6:07:18
1901,23456789,298340,,Voucher,5050553800393,Swiped,3 Top-up Voucher,EV,10.00,Voucher,826,GBR,Settled, , ,298340,29/06/2022,6:07:20
1902,23456789,298340,,Voucher,5050553800393,Swiped,3 Top-up Voucher,EV,10.00,Voucher,826,GBR,Settled, , ,298340,29/06/2022,6:07:22
1903,01234567,288442,,Voucher,5025743884910,Swiped,EE EV,EV,5.00,Voucher,826,GBR,Settled, , ,288442,30/06/2022,0:50:58
1904,01234567,288442,,Voucher,5025743884910,Swiped,EE EV,EV,5.00,Voucher,826,GBR,Settled, , ,288442,30/06/2022,0:51:00
1905,01234567,288442,,Voucher,5025743884910,Swiped,EE EV,EV,5.00,Voucher,826,GBR,Settled, , ,288442,30/06/2022,0:51:01
1906,01234567,288442,,Voucher,5025743884910,Swiped,EE EV,EV,5.00,Voucher,826,GBR,Settled, , ,288442,30/06/2022,0:51:02
1907,01234567,288442,,Voucher,5025743884910,Swiped,EE EV,EV,5.00,Voucher,826,GBR,Settled, , ,288442,30/06/2022,0:51:03
1908,01234567,288442,,Voucher,5025743884910,Swiped,EE EV,EV,5.00,Voucher,826,GBR,Settled, , ,288442,30/06/2022,0:51:05
1909,01234567,288442,,Voucher,5025743884910,Swiped,EE EV,EV,5.00,Voucher,826,GBR,Settled, , ,288442,30/06/2022,0:51:06
1910,01234567,288442,,Voucher,5025743884910,Swiped,EE EV,EV,5.00,Voucher,826,GBR,Settled, , ,288442,30/06/2022,0:51:07
1911,01234567,288442,,Voucher,5025743884910,Swiped,EE EV,EV,5.00,Voucher,826,GBR,Settled, , ,288442,30/06/2022,0:51:08
1912,01234567,288442,,Voucher,5025743884910,Swiped,EE EV,EV,5.00,Voucher,826,GBR,Settled, , ,288442,30/06/2022,0:51:09
1913,01234567,288442,,Voucher,5025743884910,Swiped,EE EV,EV,5.00,Voucher,826,GBR,Settled, , ,288442,30/06/2022,0:51:10
1914,01234567,288442,,Voucher,5025743884910,Swiped,EE EV,EV,5.00,Voucher,826,GBR,Settled, , ,288442,30/06/2022,0:53:33
1915,01234567,288442,,Voucher,5025743884910,Swiped,EE EV,EV,5.00,Voucher,826,GBR,Settled, , ,288442,30/06/2022,0:53:40
1916,01234567,288442,,Voucher,5025743884910,Swiped,EE EV,EV,5.00,Voucher,826,GBR,Settled, , ,288442,30/06/2022,0:56:34
1917,01234567,288442,,Voucher,5025743884910,Swiped,EE EV,EV,5.00,Voucher,826,GBR,Settled, , ,288442,30/06/2022,0:56:36
1918,01234567,288442,,Voucher,5025743884910,Swiped,EE EV,EV,5.00,Voucher,826,GBR,Settled, , ,288442,30/06/2022,0:56:47
1919,01234567,288442,,Voucher,5025743884910,Swiped,EE EV,EV,5.00,Voucher,826,GBR,Settled, , ,288442,30/06/2022,0:56:48
1920,01234567,288442,,Voucher,5025743884910,Swiped,EE EV,EV,5.00,Voucher,826,GBR,Settled, , ,288442,30/06/2022,0:56:49
1921,01234567,288442,,Voucher,5025743884910,Swiped,EE EV,EV,5.00,Voucher,826,GBR,Settled, , ,288442,30/06/2022,0:56:50
1922,01234567,288442,,Voucher,5025743884910,Swiped,EE EV,EV,5.00,Voucher,826,GBR,Settled, , ,288442,30/06/2022,0:56:51
1923,01234567,288442,,Voucher,5025743884910,Swiped,EE EV,EV,5.00,Voucher,826,GBR,Settled, , ,288442,30/06/2022,0:56:52
1924,01234567,288442,,Voucher,5025743884910,Swiped,EE EV,EV,5.00,Voucher,826,GBR,Settled, , ,288442,30/06/2022,0:56:54
1925,01234567,288442,,Voucher,5025743884910,Swiped,EE EV,EV,5.00,Voucher,826,GBR,Settled, , ,288442,30/06/2022,0:56:55
1926,01234567,288442,,Voucher,5025743884910,Swiped,EE EV,EV,5.00,Voucher,826,GBR,Settled, , ,288442,30/06/2022,0:56:56
1927,01234567,288442,,Voucher,5025743884910,Swiped,EE EV,EV,5.00,Voucher,826,GBR,Settled, , ,288442,30/06/2022,0:56:57
1928,01234567,288442,,Voucher,5025743884910,Swiped,EE EV,EV,5.00,Voucher,826,GBR,Settled, , ,288442,30/06/2022,1:01:28
1929,01234567,288442,,Voucher,5025743884910,Swiped,EE EV,EV,5.00,Voucher,826,GBR,Settled, , ,288442,30/06/2022,1:01:29
1930,01234567,288442,,Voucher,5025743884910,Swiped,EE EV,EV,5.00,Voucher,826,GBR,Settled, , ,288442,30/06/2022,1:01:30
1931,01234567,288442,,Voucher,5025743884910,Swiped,EE EV,EV,5.00,Voucher,826,GBR,Settled, , ,288442,30/06/2022,1:01:31
1932,01234567,288442,,Voucher,5025743884910,Swiped,EE EV,EV,5.00,Voucher,826,GBR,Settled, , ,288442,30/06/2022,1:01:33
1933,01234567,288442,,Voucher,5025743884910,Swiped,EE EV,EV,5.00,Voucher,826,GBR,Settled, , ,288442,30/06/2022,1:04:45
1934,01234567,288442,,Voucher,5025743884910,Swiped,EE EV,EV,5.00,Voucher,826,GBR,Settled, , ,288442,30/06/2022,1:04:47
1935,01234567,288442,,Voucher,5025743884910,Swiped,EE EV,EV,5.00,Voucher,826,GBR,Settled, , ,288442,30/06/2022,1:04:48
1936,01234567,288442,,Voucher,5025743884910,Swiped,EE EV,EV,5.00,Voucher,826,GBR,Settled, , ,288442,30/06/2022,1:04:49
1937,01234567,288442,,Voucher,5025743884910,Swiped,EE EV,EV,5.00,Voucher,826,GBR,Settled, , ,288442,30/06/2022,1:04:50
1938,01234567,288442,,Voucher,5025743884910,Swiped,EE EV,EV,5.00,Voucher,826,GBR,Settled, , ,288442,30/06/2022,1:05:10
1939,01234567,288442,,Voucher,5025743884910,Swiped,EE EV,EV,5.00,Voucher,826,GBR,Settled, , ,288442,30/06/2022,1:05:11
1940,01234567,288442,,Voucher,5025743884910,Swiped,EE EV,EV,5.00,Voucher,826,GBR,Settled, , ,288442,30/06/2022,1:05:12
1941,01234567,288442,,Voucher,5025743884910,Swiped,EE EV,EV,5.00,Voucher,826,GBR,Settled, , ,288442,30/06/2022,1:05:13
1942,01234567,288442,,Voucher,5025743884910,Swiped,EE EV,EV,5.00,Voucher,826,GBR,Settled, , ,288442,30/06/2022,1:05:14
1944,01234567,288442,,Voucher,5025743884910,Swiped,EE EV,EV,5.00,Voucher,826,GBR,Settled, , ,288442,30/06/2022,5:08:09
1945,01234567,288442,,Voucher,5025743884910,Swiped,EE EV,EV,5.00,Voucher,826,GBR,Settled, , ,288442,30/06/2022,5:08:10
1946,01234567,288442,,Voucher,5025743884910,Swiped,EE EV,EV,5.00,Voucher,826,GBR,Settled, , ,288442,30/06/2022,5:08:11
1947,01234567,288442,,Voucher,5025743884910,Swiped,EE EV,EV,5.00,Voucher,826,GBR,Settled, , ,288442,30/06/2022,5:08:13
1948,01234567,288442,,Voucher,5025743884910,Swiped,EE EV,EV,5.00,Voucher,826,GBR,Settled, , ,288442,30/06/2022,5:08:14
1949,01234567,288442,,Voucher,5025743884910,Swiped,EE EV,EV,5.00,Voucher,826,GBR,Settled, , ,288442,30/06/2022,5:08:15
1950,01234567,288442,,Voucher,5025743884910,Swiped,EE EV,EV,5.00,Voucher,826,GBR,Settled, , ,288442,30/06/2022,5:08:16
1951,01234567,288442,,Voucher,5025743884910,Swiped,EE EV,EV,5.00,Voucher,826,GBR,Settled, , ,288442,30/06/2022,5:08:17
1952,01234567,288442,,Voucher,5025743884910,Swiped,EE EV,EV,5.00,Voucher,826,GBR,Settled, , ,288442,30/06/2022,5:08:18
1953,01234567,288442,,Voucher,5025743884910,Swiped,EE EV,EV,5.00,Voucher,826,GBR,Settled, , ,288442,30/06/2022,5:08:19
1954,01234567,288442,,Voucher,5025743884910,Swiped,EE EV,EV,5.00,Voucher,826,GBR,Settled, , ,288442,30/06/2022,5:08:21
1956,01234567,288442,,Voucher,5025743884910,Swiped,EE EV,EV,5.00,Voucher,826,GBR,Settled, , ,288442,30/06/2022,5:46:08
1957,23456789,298340,,Voucher,5025743884910,Swiped,EE EV,EV,5.00,Voucher,826,GBR,Settled, , ,298340,30/06/2022,5:52:37
1958,01234567,288442,,Voucher,5025743884910,Swiped,EE EV,EV,5.00,Voucher,826,GBR,Settled, , ,288442,30/06/2022,5:52:38
1959,23456789,298340,,Voucher,5025743884910,Swiped,EE EV,EV,5.00,Voucher,826,GBR,Settled, , ,298340,30/06/2022,5:52:38
1960,01234567,288442,,Voucher,5025743884910,Swiped,EE EV,EV,5.00,Voucher,826,GBR,Settled, , ,288442,30/06/2022,5:52:39
1961,23456789,298340,,Voucher,5025743884910,Swiped,EE EV,EV,5.00,Voucher,826,GBR,Settled, , ,298340,30/06/2022,5:52:39
1962,01234567,288442,,Voucher,5025743884910,Swiped,EE EV,EV,5.00,Voucher,826,GBR,Settled, , ,288442,30/06/2022,5:52:40
1963,01234567,288442,,Voucher,5025743884910,Swiped,EE EV,EV,5.00,Voucher,826,GBR,Settled, , ,288442,30/06/2022,5:52:41
1964,01234567,288442,,Voucher,5025743884910,Swiped,EE EV,EV,5.00,Voucher,826,GBR,Settled, , ,288442,30/06/2022,5:52:43
1966,23456789,298340,,Voucher,5025743884910,Swiped,EE EV,EV,5.00,Voucher,826,GBR,Settled, , ,298340,30/06/2022,7:57:31
1967,01234567,288442,,Voucher,5055015211120,Swiped,Vodafone EV,EV,5.00,Voucher,826,GBR,Settled, , ,288442,02/07/2022,1:05:36
